PERMNO,HdrCUSIP,Ticker,PERMCO,DlyCalDt,DlyPrc,DlyRet,DlyRetx
13407,30303M10,FB,54084,2012-05-18,38.231800,,
13407,30303M10,FB,54084,2012-05-21,34.030000,-0.109903,-0.109903
13407,30303M10,FB,54084,2012-05-22,31.000000,-0.089039,-0.089039
13407,30303M10,FB,54084,2012-05-23,32.000000,0.032258,0.032258
13407,30303M10,FB,54084,2012-05-24,33.030000,0.032188,0.032188
13407,30303M10,FB,54084,2012-05-25,31.910000,-0.033909,-0.033909
13407,30303M10,FB,54084,2012-05-29,28.840000,-0.096208,-0.096208
13407,30303M10,FB,54084,2012-05-30,28.190000,-0.022538,-0.022538
13407,30303M10,FB,54084,2012-05-31,29.600000,0.050018,0.050018
13407,30303M10,FB,54084,2012-06-01,27.720000,-0.063514,-0.063514
13407,30303M10,FB,54084,2012-06-04,26.900000,-0.029582,-0.029582
13407,30303M10,FB,54084,2012-06-05,25.869000,-0.038327,-0.038327
13407,30303M10,FB,54084,2012-06-06,26.810000,0.036376,0.036376
13407,30303M10,FB,54084,2012-06-07,26.310000,-0.018650,-0.018650
13407,30303M10,FB,54084,2012-06-08,27.100000,0.030027,0.030027
13407,30303M10,FB,54084,2012-06-11,27.005000,-0.003506,-0.003506
13407,30303M10,FB,54084,2012-06-12,27.400000,0.014627,0.014627
13407,30303M10,FB,54084,2012-06-13,27.270000,-0.004745,-0.004745
13407,30303M10,FB,54084,2012-06-14,28.290000,0.037404,0.037404
13407,30303M10,FB,54084,2012-06-15,30.014000,0.060940,0.060940
13407,30303M10,FB,54084,2012-06-18,31.410000,0.046512,0.046512
13407,30303M10,FB,54084,2012-06-19,31.911000,0.015950,0.015950
13407,30303M10,FB,54084,2012-06-20,31.600000,-0.009746,-0.009746
13407,30303M10,FB,54084,2012-06-21,31.840000,0.007595,0.007595
13407,30303M10,FB,54084,2012-06-22,33.050000,0.038003,0.038003
13407,30303M10,FB,54084,2012-06-25,32.060000,-0.029955,-0.029955
13407,30303M10,FB,54084,2012-06-26,33.100000,0.032439,0.032439
13407,30303M10,FB,54084,2012-06-27,32.230000,-0.026284,-0.026284
13407,30303M10,FB,54084,2012-06-28,31.360000,-0.026993,-0.026993
13407,30303M10,FB,54084,2012-06-29,31.095000,-0.008450,-0.008450
13407,30303M10,FB,54084,2012-07-02,30.771000,-0.010420,-0.010420
13407,30303M10,FB,54084,2012-07-03,31.200000,0.013942,0.013942
13407,30303M10,FB,54084,2012-07-05,31.470000,0.008654,0.008654
13407,30303M10,FB,54084,2012-07-06,31.730000,0.008262,0.008262
13407,30303M10,FB,54084,2012-07-09,32.170000,0.013867,0.013867
13407,30303M10,FB,54084,2012-07-10,31.470000,-0.021759,-0.021759
13407,30303M10,FB,54084,2012-07-11,30.970000,-0.015888,-0.015888
13407,30303M10,FB,54084,2012-07-12,30.810000,-0.005166,-0.005166
13407,30303M10,FB,54084,2012-07-13,30.720000,-0.002921,-0.002921
13407,30303M10,FB,54084,2012-07-16,28.245000,-0.080566,-0.080566
13407,30303M10,FB,54084,2012-07-17,28.090000,-0.005488,-0.005488
13407,30303M10,FB,54084,2012-07-18,29.110000,0.036312,0.036312
13407,30303M10,FB,54084,2012-07-19,29.000000,-0.003779,-0.003779
13407,30303M10,FB,54084,2012-07-20,28.760000,-0.008276,-0.008276
13407,30303M10,FB,54084,2012-07-23,28.750000,-0.000348,-0.000348
13407,30303M10,FB,54084,2012-07-24,28.450000,-0.010435,-0.010435
13407,30303M10,FB,54084,2012-07-25,29.340000,0.031283,0.031283
13407,30303M10,FB,54084,2012-07-26,26.845000,-0.085037,-0.085037
13407,30303M10,FB,54084,2012-07-27,23.705000,-0.116968,-0.116968
13407,30303M10,FB,54084,2012-07-30,23.150000,-0.023413,-0.023413
13407,30303M10,FB,54084,2012-07-31,21.710000,-0.062203,-0.062203
13407,30303M10,FB,54084,2012-08-01,20.880000,-0.038231,-0.038231
13407,30303M10,FB,54084,2012-08-02,20.040000,-0.040230,-0.040230
13407,30303M10,FB,54084,2012-08-03,21.090000,0.052395,0.052395
13407,30303M10,FB,54084,2012-08-06,21.920000,0.039355,0.039355
13407,30303M10,FB,54084,2012-08-07,20.720000,-0.054745,-0.054745
13407,30303M10,FB,54084,2012-08-08,20.720000,0.000000,0.000000
13407,30303M10,FB,54084,2012-08-09,21.010000,0.013996,0.013996
13407,30303M10,FB,54084,2012-08-10,21.807000,0.037934,0.037934
13407,30303M10,FB,54084,2012-08-13,21.600000,-0.009492,-0.009492
13407,30303M10,FB,54084,2012-08-14,20.380000,-0.056481,-0.056481
13407,30303M10,FB,54084,2012-08-15,21.200000,0.040236,0.040236
13407,30303M10,FB,54084,2012-08-16,19.870000,-0.062736,-0.062736
13407,30303M10,FB,54084,2012-08-17,19.050000,-0.041268,-0.041268
13407,30303M10,FB,54084,2012-08-20,20.011000,0.050446,0.050446
13407,30303M10,FB,54084,2012-08-21,19.159000,-0.042577,-0.042577
13407,30303M10,FB,54084,2012-08-22,19.439000,0.014615,0.014615
13407,30303M10,FB,54084,2012-08-23,19.440000,0.000051,0.000051
13407,30303M10,FB,54084,2012-08-24,19.409000,-0.001595,-0.001595
13407,30303M10,FB,54084,2012-08-27,19.150000,-0.013344,-0.013344
13407,30303M10,FB,54084,2012-08-28,19.340000,0.009922,0.009922
13407,30303M10,FB,54084,2012-08-29,19.100000,-0.012410,-0.012410
13407,30303M10,FB,54084,2012-08-30,19.088500,-0.000602,-0.000602
13407,30303M10,FB,54084,2012-08-31,18.058000,-0.053985,-0.053985
13407,30303M10,FB,54084,2012-09-04,17.729000,-0.018219,-0.018219
13407,30303M10,FB,54084,2012-09-05,18.580000,0.048000,0.048000
13407,30303M10,FB,54084,2012-09-06,18.960000,0.020452,0.020452
13407,30303M10,FB,54084,2012-09-07,18.980000,0.001055,0.001055
13407,30303M10,FB,54084,2012-09-10,18.810000,-0.008957,-0.008957
13407,30303M10,FB,54084,2012-09-11,19.430000,0.032961,0.032961
13407,30303M10,FB,54084,2012-09-12,20.931000,0.077252,0.077252
13407,30303M10,FB,54084,2012-09-13,20.713000,-0.010415,-0.010415
13407,30303M10,FB,54084,2012-09-14,22.000000,0.062135,0.062135
13407,30303M10,FB,54084,2012-09-17,21.520000,-0.021818,-0.021818
13407,30303M10,FB,54084,2012-09-18,21.870000,0.016264,0.016264
13407,30303M10,FB,54084,2012-09-19,23.290000,0.064929,0.064929
13407,30303M10,FB,54084,2012-09-20,22.590000,-0.030056,-0.030056
13407,30303M10,FB,54084,2012-09-21,22.860000,0.011952,0.011952
13407,30303M10,FB,54084,2012-09-24,20.790000,-0.090551,-0.090551
13407,30303M10,FB,54084,2012-09-25,20.280000,-0.024531,-0.024531
13407,30303M10,FB,54084,2012-09-26,20.620000,0.016765,0.016765
13407,30303M10,FB,54084,2012-09-27,20.320000,-0.014549,-0.014549
13407,30303M10,FB,54084,2012-09-28,21.660000,0.065945,0.065945
13407,30303M10,FB,54084,2012-10-01,21.990000,0.015235,0.015235
13407,30303M10,FB,54084,2012-10-02,22.270000,0.012733,0.012733
13407,30303M10,FB,54084,2012-10-03,21.830000,-0.019758,-0.019758
13407,30303M10,FB,54084,2012-10-04,21.947500,0.005383,0.005383
13407,30303M10,FB,54084,2012-10-05,20.910000,-0.047272,-0.047272
13407,30303M10,FB,54084,2012-10-08,20.400000,-0.024390,-0.024390
13407,30303M10,FB,54084,2012-10-09,20.227000,-0.008480,-0.008480
13407,30303M10,FB,54084,2012-10-10,19.640000,-0.029021,-0.029021
13407,30303M10,FB,54084,2012-10-11,19.750000,0.005601,0.005601
13407,30303M10,FB,54084,2012-10-12,19.518100,-0.011742,-0.011742
13407,30303M10,FB,54084,2012-10-15,19.520000,0.000097,0.000097
13407,30303M10,FB,54084,2012-10-16,19.480000,-0.002049,-0.002049
13407,30303M10,FB,54084,2012-10-17,19.880000,0.020534,0.020534
13407,30303M10,FB,54084,2012-10-18,18.975000,-0.045523,-0.045523
13407,30303M10,FB,54084,2012-10-19,19.000000,0.001318,0.001318
13407,30303M10,FB,54084,2012-10-22,19.321000,0.016895,0.016895
13407,30303M10,FB,54084,2012-10-23,19.500000,0.009265,0.009265
13407,30303M10,FB,54084,2012-10-24,23.229900,0.191277,0.191277
13407,30303M10,FB,54084,2012-10-25,22.560000,-0.028838,-0.028838
13407,30303M10,FB,54084,2012-10-26,21.942500,-0.027371,-0.027371
13407,30303M10,FB,54084,2012-10-31,21.110000,-0.037940,-0.037940
13407,30303M10,FB,54084,2012-11-01,21.210000,0.004737,0.004737
13407,30303M10,FB,54084,2012-11-02,21.180000,-0.001414,-0.001414
13407,30303M10,FB,54084,2012-11-05,21.250000,0.003305,0.003305
13407,30303M10,FB,54084,2012-11-06,21.171200,-0.003708,-0.003708
13407,30303M10,FB,54084,2012-11-07,20.470000,-0.033120,-0.033120
13407,30303M10,FB,54084,2012-11-08,19.990000,-0.023449,-0.023449
13407,30303M10,FB,54084,2012-11-09,19.210000,-0.039020,-0.039020
13407,30303M10,FB,54084,2012-11-12,20.070000,0.044768,0.044768
13407,30303M10,FB,54084,2012-11-13,19.860000,-0.010463,-0.010463
13407,30303M10,FB,54084,2012-11-14,22.360000,0.125881,0.125881
13407,30303M10,FB,54084,2012-11-15,22.170000,-0.008497,-0.008497
13407,30303M10,FB,54084,2012-11-16,23.560700,0.062729,0.062729
13407,30303M10,FB,54084,2012-11-19,22.920000,-0.027194,-0.027194
13407,30303M10,FB,54084,2012-11-20,23.100000,0.007853,0.007853
13407,30303M10,FB,54084,2012-11-21,24.320000,0.052814,0.052814
13407,30303M10,FB,54084,2012-11-23,23.998000,-0.013240,-0.013240
13407,30303M10,FB,54084,2012-11-26,25.940000,0.080923,0.080923
13407,30303M10,FB,54084,2012-11-27,26.150000,0.008096,0.008096
13407,30303M10,FB,54084,2012-11-28,26.360000,0.008031,0.008031
13407,30303M10,FB,54084,2012-11-29,27.320000,0.036419,0.036419
13407,30303M10,FB,54084,2012-11-30,28.000000,0.024890,0.024890
13407,30303M10,FB,54084,2012-12-03,27.040000,-0.034286,-0.034286
13407,30303M10,FB,54084,2012-12-04,27.460000,0.015533,0.015533
13407,30303M10,FB,54084,2012-12-05,27.710000,0.009104,0.009104
13407,30303M10,FB,54084,2012-12-06,26.970000,-0.026705,-0.026705
13407,30303M10,FB,54084,2012-12-07,27.485000,0.019095,0.019095
13407,30303M10,FB,54084,2012-12-10,27.840000,0.012916,0.012916
13407,30303M10,FB,54084,2012-12-11,27.980000,0.005029,0.005029
13407,30303M10,FB,54084,2012-12-12,27.580100,-0.014292,-0.014292
13407,30303M10,FB,54084,2012-12-13,28.240000,0.023927,0.023927
13407,30303M10,FB,54084,2012-12-14,26.812000,-0.050567,-0.050567
13407,30303M10,FB,54084,2012-12-17,26.750000,-0.002312,-0.002312
13407,30303M10,FB,54084,2012-12-18,27.710000,0.035888,0.035888
13407,30303M10,FB,54084,2012-12-19,27.410000,-0.010826,-0.010826
13407,30303M10,FB,54084,2012-12-20,27.360000,-0.001824,-0.001824
13407,30303M10,FB,54084,2012-12-21,26.260000,-0.040205,-0.040205
13407,30303M10,FB,54084,2012-12-24,26.930000,0.025514,0.025514
13407,30303M10,FB,54084,2012-12-26,26.510000,-0.015596,-0.015596
13407,30303M10,FB,54084,2012-12-27,26.050000,-0.017352,-0.017352
13407,30303M10,FB,54084,2012-12-28,25.911200,-0.005328,-0.005328
13407,30303M10,FB,54084,2012-12-31,26.619700,0.027343,0.027343
13407,30303M10,FB,54084,2013-01-02,28.000000,0.051853,0.051853
13407,30303M10,FB,54084,2013-01-03,27.770000,-0.008214,-0.008214
13407,30303M10,FB,54084,2013-01-04,28.760000,0.035650,0.035650
13407,30303M10,FB,54084,2013-01-07,29.421300,0.022994,0.022994
13407,30303M10,FB,54084,2013-01-08,29.060700,-0.012256,-0.012256
13407,30303M10,FB,54084,2013-01-09,30.590000,0.052624,0.052624
13407,30303M10,FB,54084,2013-01-10,31.300000,0.023210,0.023210
13407,30303M10,FB,54084,2013-01-11,31.720000,0.013419,0.013419
13407,30303M10,FB,54084,2013-01-14,30.947500,-0.024354,-0.024354
13407,30303M10,FB,54084,2013-01-15,30.100000,-0.027385,-0.027385
13407,30303M10,FB,54084,2013-01-16,29.850000,-0.008306,-0.008306
13407,30303M10,FB,54084,2013-01-17,30.140000,0.009715,0.009715
13407,30303M10,FB,54084,2013-01-18,29.660000,-0.015926,-0.015926
13407,30303M10,FB,54084,2013-01-22,30.729000,0.036042,0.036042
13407,30303M10,FB,54084,2013-01-23,30.820000,0.002961,0.002961
13407,30303M10,FB,54084,2013-01-24,31.080000,0.008436,0.008436
13407,30303M10,FB,54084,2013-01-25,31.540000,0.014801,0.014801
13407,30303M10,FB,54084,2013-01-28,32.469000,0.029455,0.029455
13407,30303M10,FB,54084,2013-01-29,30.790000,-0.051711,-0.051711
13407,30303M10,FB,54084,2013-01-30,31.240000,0.014615,0.014615
13407,30303M10,FB,54084,2013-01-31,30.981000,-0.008291,-0.008291
13407,30303M10,FB,54084,2013-02-01,29.730000,-0.040380,-0.040380
13407,30303M10,FB,54084,2013-02-04,28.109000,-0.054524,-0.054524
13407,30303M10,FB,54084,2013-02-05,28.640000,0.018891,0.018891
13407,30303M10,FB,54084,2013-02-06,29.050000,0.014316,0.014316
13407,30303M10,FB,54084,2013-02-07,28.650000,-0.013769,-0.013769
13407,30303M10,FB,54084,2013-02-08,28.545000,-0.003665,-0.003665
13407,30303M10,FB,54084,2013-02-11,28.260000,-0.009984,-0.009984
13407,30303M10,FB,54084,2013-02-12,27.370000,-0.031493,-0.031493
13407,30303M10,FB,54084,2013-02-13,27.907500,0.019638,0.019638
13407,30303M10,FB,54084,2013-02-14,28.500000,0.021231,0.021231
13407,30303M10,FB,54084,2013-02-15,28.320000,-0.006316,-0.006316
13407,30303M10,FB,54084,2013-02-19,28.930000,0.021540,0.021540
13407,30303M10,FB,54084,2013-02-20,28.462000,-0.016177,-0.016177
13407,30303M10,FB,54084,2013-02-21,27.283000,-0.041424,-0.041424
13407,30303M10,FB,54084,2013-02-22,27.130000,-0.005608,-0.005608
13407,30303M10,FB,54084,2013-02-25,27.270000,0.005160,0.005160
13407,30303M10,FB,54084,2013-02-26,27.390000,0.004400,0.004400
13407,30303M10,FB,54084,2013-02-27,26.870000,-0.018985,-0.018985
13407,30303M10,FB,54084,2013-02-28,27.250000,0.014142,0.014142
13407,30303M10,FB,54084,2013-03-01,27.780000,0.019450,0.019450
13407,30303M10,FB,54084,2013-03-04,27.720000,-0.002160,-0.002160
13407,30303M10,FB,54084,2013-03-05,27.520000,-0.007215,-0.007215
13407,30303M10,FB,54084,2013-03-06,27.452500,-0.002453,-0.002453
13407,30303M10,FB,54084,2013-03-07,28.578000,0.040998,0.040998
13407,30303M10,FB,54084,2013-03-08,27.960000,-0.021625,-0.021625
13407,30303M10,FB,54084,2013-03-11,28.140000,0.006438,0.006438
13407,30303M10,FB,54084,2013-03-12,27.830000,-0.011016,-0.011016
13407,30303M10,FB,54084,2013-03-13,27.080000,-0.026949,-0.026949
13407,30303M10,FB,54084,2013-03-14,27.040000,-0.001477,-0.001477
13407,30303M10,FB,54084,2013-03-15,26.645000,-0.014608,-0.014608
13407,30303M10,FB,54084,2013-03-18,26.490000,-0.005817,-0.005817
13407,30303M10,FB,54084,2013-03-19,26.550000,0.002265,0.002265
13407,30303M10,FB,54084,2013-03-20,25.860000,-0.025989,-0.025989
13407,30303M10,FB,54084,2013-03-21,25.740000,-0.004640,-0.004640
13407,30303M10,FB,54084,2013-03-22,25.730000,-0.000389,-0.000389
13407,30303M10,FB,54084,2013-03-25,25.131000,-0.023280,-0.023280
13407,30303M10,FB,54084,2013-03-26,25.205000,0.002945,0.002945
13407,30303M10,FB,54084,2013-03-27,26.090000,0.035112,0.035112
13407,30303M10,FB,54084,2013-03-28,25.580000,-0.019548,-0.019548
13407,30303M10,FB,54084,2013-04-01,25.530000,-0.001955,-0.001955
13407,30303M10,FB,54084,2013-04-02,25.420000,-0.004309,-0.004309
13407,30303M10,FB,54084,2013-04-03,26.250000,0.032651,0.032651
13407,30303M10,FB,54084,2013-04-04,27.072500,0.031333,0.031333
13407,30303M10,FB,54084,2013-04-05,27.390000,0.011728,0.011728
13407,30303M10,FB,54084,2013-04-08,26.849000,-0.019752,-0.019752
13407,30303M10,FB,54084,2013-04-09,26.590000,-0.009647,-0.009647
13407,30303M10,FB,54084,2013-04-10,27.570000,0.036856,0.036856
13407,30303M10,FB,54084,2013-04-11,28.017500,0.016231,0.016231
13407,30303M10,FB,54084,2013-04-12,27.400000,-0.022040,-0.022040
13407,30303M10,FB,54084,2013-04-15,26.520000,-0.032117,-0.032117
13407,30303M10,FB,54084,2013-04-16,26.920000,0.015083,0.015083
13407,30303M10,FB,54084,2013-04-17,26.625000,-0.010958,-0.010958
13407,30303M10,FB,54084,2013-04-18,25.690000,-0.035117,-0.035117
13407,30303M10,FB,54084,2013-04-19,25.730000,0.001557,0.001557
13407,30303M10,FB,54084,2013-04-22,25.970000,0.009328,0.009328
13407,30303M10,FB,54084,2013-04-23,25.980000,0.000385,0.000385
13407,30303M10,FB,54084,2013-04-24,26.110000,0.005004,0.005004
13407,30303M10,FB,54084,2013-04-25,26.140000,0.001149,0.001149
13407,30303M10,FB,54084,2013-04-26,26.850000,0.027161,0.027161
13407,30303M10,FB,54084,2013-04-29,26.980000,0.004842,0.004842
13407,30303M10,FB,54084,2013-04-30,27.769000,0.029244,0.029244
13407,30303M10,FB,54084,2013-05-01,27.430000,-0.012208,-0.012208
13407,30303M10,FB,54084,2013-05-02,28.970000,0.056143,0.056143
13407,30303M10,FB,54084,2013-05-03,28.311000,-0.022748,-0.022748
13407,30303M10,FB,54084,2013-05-06,27.570000,-0.026174,-0.026174
13407,30303M10,FB,54084,2013-05-07,26.889000,-0.024701,-0.024701
13407,30303M10,FB,54084,2013-05-08,27.120000,0.008591,0.008591
13407,30303M10,FB,54084,2013-05-09,27.040000,-0.002950,-0.002950
13407,30303M10,FB,54084,2013-05-10,26.680000,-0.013314,-0.013314
13407,30303M10,FB,54084,2013-05-13,26.820000,0.005247,0.005247
13407,30303M10,FB,54084,2013-05-14,27.070000,0.009321,0.009321
13407,30303M10,FB,54084,2013-05-15,26.600000,-0.017362,-0.017362
13407,30303M10,FB,54084,2013-05-16,26.130000,-0.017669,-0.017669
13407,30303M10,FB,54084,2013-05-17,26.250000,0.004592,0.004592
13407,30303M10,FB,54084,2013-05-20,25.759000,-0.018705,-0.018705
13407,30303M10,FB,54084,2013-05-21,25.660000,-0.003843,-0.003843
13407,30303M10,FB,54084,2013-05-22,25.159000,-0.019525,-0.019525
13407,30303M10,FB,54084,2013-05-23,25.060000,-0.003935,-0.003935
13407,30303M10,FB,54084,2013-05-24,24.312500,-0.029828,-0.029828
13407,30303M10,FB,54084,2013-05-28,24.100000,-0.008740,-0.008740
13407,30303M10,FB,54084,2013-05-29,23.320000,-0.032365,-0.032365
13407,30303M10,FB,54084,2013-05-30,24.550000,0.052744,0.052744
13407,30303M10,FB,54084,2013-05-31,24.348000,-0.008228,-0.008228
13407,30303M10,FB,54084,2013-06-03,23.848000,-0.020536,-0.020536
13407,30303M10,FB,54084,2013-06-04,23.520000,-0.013754,-0.013754
13407,30303M10,FB,54084,2013-06-05,22.899000,-0.026403,-0.026403
13407,30303M10,FB,54084,2013-06-06,22.970000,0.003101,0.003101
13407,30303M10,FB,54084,2013-06-07,23.291000,0.013975,0.013975
13407,30303M10,FB,54084,2013-06-10,24.330000,0.044610,0.044610
13407,30303M10,FB,54084,2013-06-11,24.030000,-0.012330,-0.012330
13407,30303M10,FB,54084,2013-06-12,23.770000,-0.010820,-0.010820
13407,30303M10,FB,54084,2013-06-13,23.730000,-0.001683,-0.001683
13407,30303M10,FB,54084,2013-06-14,23.630000,-0.004214,-0.004214
13407,30303M10,FB,54084,2013-06-17,24.022000,0.016589,0.016589
13407,30303M10,FB,54084,2013-06-18,24.210000,0.007826,0.007826
13407,30303M10,FB,54084,2013-06-19,24.309000,0.004089,0.004089
13407,30303M10,FB,54084,2013-06-20,23.900000,-0.016825,-0.016825
13407,30303M10,FB,54084,2013-06-21,24.530000,0.026360,0.026360
13407,30303M10,FB,54084,2013-06-24,23.935000,-0.024256,-0.024256
13407,30303M10,FB,54084,2013-06-25,24.250000,0.013161,0.013161
13407,30303M10,FB,54084,2013-06-26,24.160000,-0.003711,-0.003711
13407,30303M10,FB,54084,2013-06-27,24.660000,0.020695,0.020695
13407,30303M10,FB,54084,2013-06-28,24.880000,0.008921,0.008921
13407,30303M10,FB,54084,2013-07-01,24.810000,-0.002814,-0.002814
13407,30303M10,FB,54084,2013-07-02,24.410000,-0.016123,-0.016123
13407,30303M10,FB,54084,2013-07-03,24.520000,0.004506,0.004506
13407,30303M10,FB,54084,2013-07-05,24.370000,-0.006117,-0.006117
13407,30303M10,FB,54084,2013-07-08,24.710000,0.013952,0.013952
13407,30303M10,FB,54084,2013-07-09,25.480000,0.031161,0.031161
13407,30303M10,FB,54084,2013-07-10,25.800000,0.012559,0.012559
13407,30303M10,FB,54084,2013-07-11,25.810000,0.000388,0.000388
13407,30303M10,FB,54084,2013-07-12,25.910000,0.003874,0.003874
13407,30303M10,FB,54084,2013-07-15,26.280000,0.014280,0.014280
13407,30303M10,FB,54084,2013-07-16,26.320000,0.001522,0.001522
13407,30303M10,FB,54084,2013-07-17,26.650000,0.012538,0.012538
13407,30303M10,FB,54084,2013-07-18,26.180000,-0.017636,-0.017636
13407,30303M10,FB,54084,2013-07-19,25.881000,-0.011421,-0.011421
13407,30303M10,FB,54084,2013-07-22,26.045000,0.006337,0.006337
13407,30303M10,FB,54084,2013-07-23,26.130000,0.003264,0.003264
13407,30303M10,FB,54084,2013-07-24,26.510000,0.014543,0.014543
13407,30303M10,FB,54084,2013-07-25,34.359000,0.296077,0.296077
13407,30303M10,FB,54084,2013-07-26,34.010000,-0.010157,-0.010157
13407,30303M10,FB,54084,2013-07-29,35.430000,0.041752,0.041752
13407,30303M10,FB,54084,2013-07-30,37.627000,0.062010,0.062010
13407,30303M10,FB,54084,2013-07-31,36.800000,-0.021979,-0.021979
13407,30303M10,FB,54084,2013-08-01,37.489000,0.018723,0.018723
13407,30303M10,FB,54084,2013-08-02,38.050000,0.014964,0.014964
13407,30303M10,FB,54084,2013-08-05,39.189000,0.029934,0.029934
13407,30303M10,FB,54084,2013-08-06,38.550000,-0.016306,-0.016306
13407,30303M10,FB,54084,2013-08-07,38.870000,0.008301,0.008301
13407,30303M10,FB,54084,2013-08-08,38.540000,-0.008490,-0.008490
13407,30303M10,FB,54084,2013-08-09,38.500000,-0.001038,-0.001038
13407,30303M10,FB,54084,2013-08-12,38.220000,-0.007273,-0.007273
13407,30303M10,FB,54084,2013-08-13,37.019000,-0.031423,-0.031423
13407,30303M10,FB,54084,2013-08-14,36.650000,-0.009968,-0.009968
13407,30303M10,FB,54084,2013-08-15,36.560000,-0.002456,-0.002456
13407,30303M10,FB,54084,2013-08-16,37.080000,0.014223,0.014223
13407,30303M10,FB,54084,2013-08-19,37.810000,0.019687,0.019687
13407,30303M10,FB,54084,2013-08-20,38.410000,0.015869,0.015869
13407,30303M10,FB,54084,2013-08-21,38.320000,-0.002343,-0.002343
13407,30303M10,FB,54084,2013-08-22,38.550000,0.006002,0.006002
13407,30303M10,FB,54084,2013-08-23,40.550000,0.051881,0.051881
13407,30303M10,FB,54084,2013-08-26,41.340000,0.019482,0.019482
13407,30303M10,FB,54084,2013-08-27,39.640000,-0.041122,-0.041122
13407,30303M10,FB,54084,2013-08-28,40.548000,0.022906,0.022906
13407,30303M10,FB,54084,2013-08-29,41.280000,0.018053,0.018053
13407,30303M10,FB,54084,2013-08-30,41.294000,0.000339,0.000339
13407,30303M10,FB,54084,2013-09-03,41.870000,0.013949,0.013949
13407,30303M10,FB,54084,2013-09-04,41.780000,-0.002150,-0.002150
13407,30303M10,FB,54084,2013-09-05,42.660000,0.021063,0.021063
13407,30303M10,FB,54084,2013-09-06,43.950000,0.030239,0.030239
13407,30303M10,FB,54084,2013-09-09,44.040000,0.002048,0.002048
13407,30303M10,FB,54084,2013-09-10,43.600000,-0.009991,-0.009991
13407,30303M10,FB,54084,2013-09-11,45.040000,0.033028,0.033028
13407,30303M10,FB,54084,2013-09-12,44.750000,-0.006439,-0.006439
13407,30303M10,FB,54084,2013-09-13,44.310000,-0.009832,-0.009832
13407,30303M10,FB,54084,2013-09-16,42.510000,-0.040623,-0.040623
13407,30303M10,FB,54084,2013-09-17,45.070000,0.060221,0.060221
13407,30303M10,FB,54084,2013-09-18,45.230000,0.003550,0.003550
13407,30303M10,FB,54084,2013-09-19,45.980000,0.016582,0.016582
13407,30303M10,FB,54084,2013-09-20,47.490000,0.032840,0.032840
13407,30303M10,FB,54084,2013-09-23,47.190000,-0.006317,-0.006317
13407,30303M10,FB,54084,2013-09-24,48.450000,0.026701,0.026701
13407,30303M10,FB,54084,2013-09-25,49.460000,0.020846,0.020846
13407,30303M10,FB,54084,2013-09-26,50.390000,0.018803,0.018803
13407,30303M10,FB,54084,2013-09-27,51.240000,0.016868,0.016868
13407,30303M10,FB,54084,2013-09-30,50.230000,-0.019711,-0.019711
13407,30303M10,FB,54084,2013-10-01,50.420000,0.003783,0.003783
13407,30303M10,FB,54084,2013-10-02,50.280000,-0.002777,-0.002777
13407,30303M10,FB,54084,2013-10-03,49.183000,-0.021818,-0.021818
13407,30303M10,FB,54084,2013-10-04,51.040000,0.037757,0.037757
13407,30303M10,FB,54084,2013-10-07,50.515000,-0.010286,-0.010286
13407,30303M10,FB,54084,2013-10-08,47.140000,-0.066812,-0.066812
13407,30303M10,FB,54084,2013-10-09,46.770000,-0.007849,-0.007849
13407,30303M10,FB,54084,2013-10-10,49.050000,0.048749,0.048749
13407,30303M10,FB,54084,2013-10-11,49.110000,0.001223,0.001223
13407,30303M10,FB,54084,2013-10-14,49.510000,0.008145,0.008145
13407,30303M10,FB,54084,2013-10-15,49.500000,-0.000202,-0.000202
13407,30303M10,FB,54084,2013-10-16,51.135000,0.033030,0.033030
13407,30303M10,FB,54084,2013-10-17,52.210000,0.021023,0.021023
13407,30303M10,FB,54084,2013-10-18,54.220000,0.038498,0.038498
13407,30303M10,FB,54084,2013-10-21,53.850000,-0.006824,-0.006824
13407,30303M10,FB,54084,2013-10-22,52.675000,-0.021820,-0.021820
13407,30303M10,FB,54084,2013-10-23,51.900000,-0.014713,-0.014713
13407,30303M10,FB,54084,2013-10-24,52.445000,0.010501,0.010501
13407,30303M10,FB,54084,2013-10-25,51.950000,-0.009438,-0.009438
13407,30303M10,FB,54084,2013-10-28,50.229000,-0.033128,-0.033128
13407,30303M10,FB,54084,2013-10-29,49.395000,-0.016604,-0.016604
13407,30303M10,FB,54084,2013-10-30,49.010000,-0.007794,-0.007794
13407,30303M10,FB,54084,2013-10-31,50.205000,0.024383,0.024383
13407,30303M10,FB,54084,2013-11-01,49.750000,-0.009063,-0.009063
13407,30303M10,FB,54084,2013-11-04,48.220000,-0.030754,-0.030754
13407,30303M10,FB,54084,2013-11-05,50.105000,0.039092,0.039092
13407,30303M10,FB,54084,2013-11-06,49.120000,-0.019659,-0.019659
13407,30303M10,FB,54084,2013-11-07,47.560000,-0.031759,-0.031759
13407,30303M10,FB,54084,2013-11-08,47.530000,-0.000631,-0.000631
13407,30303M10,FB,54084,2013-11-11,46.200000,-0.027982,-0.027982
13407,30303M10,FB,54084,2013-11-12,46.605000,0.008766,0.008766
13407,30303M10,FB,54084,2013-11-13,48.710000,0.045167,0.045167
13407,30303M10,FB,54084,2013-11-14,48.990000,0.005748,0.005748
13407,30303M10,FB,54084,2013-11-15,49.010000,0.000408,0.000408
13407,30303M10,FB,54084,2013-11-18,45.830000,-0.064885,-0.064885
13407,30303M10,FB,54084,2013-11-19,46.360000,0.011564,0.011564
13407,30303M10,FB,54084,2013-11-20,46.430000,0.001510,0.001510
13407,30303M10,FB,54084,2013-11-21,46.700000,0.005815,0.005815
13407,30303M10,FB,54084,2013-11-22,46.230000,-0.010064,-0.010064
13407,30303M10,FB,54084,2013-11-25,44.820000,-0.030500,-0.030500
13407,30303M10,FB,54084,2013-11-26,45.890000,0.023873,0.023873
13407,30303M10,FB,54084,2013-11-27,46.490000,0.013075,0.013075
13407,30303M10,FB,54084,2013-11-29,47.010000,0.011185,0.011185
13407,30303M10,FB,54084,2013-12-02,47.060000,0.001064,0.001064
13407,30303M10,FB,54084,2013-12-03,46.730000,-0.007012,-0.007012
13407,30303M10,FB,54084,2013-12-04,48.620000,0.040445,0.040445
13407,30303M10,FB,54084,2013-12-05,48.340000,-0.005759,-0.005759
13407,30303M10,FB,54084,2013-12-06,47.940000,-0.008275,-0.008275
13407,30303M10,FB,54084,2013-12-09,48.840000,0.018773,0.018773
13407,30303M10,FB,54084,2013-12-10,50.245000,0.028767,0.028767
13407,30303M10,FB,54084,2013-12-11,49.380000,-0.017216,-0.017216
13407,30303M10,FB,54084,2013-12-12,51.830000,0.049615,0.049615
13407,30303M10,FB,54084,2013-12-13,53.320000,0.028748,0.028748
13407,30303M10,FB,54084,2013-12-16,53.810000,0.009190,0.009190
13407,30303M10,FB,54084,2013-12-17,54.860000,0.019513,0.019513
13407,30303M10,FB,54084,2013-12-18,55.570000,0.012942,0.012942
13407,30303M10,FB,54084,2013-12-19,55.050000,-0.009358,-0.009358
13407,30303M10,FB,54084,2013-12-20,55.120000,0.001272,0.001272
13407,30303M10,FB,54084,2013-12-23,57.770000,0.048077,0.048077
13407,30303M10,FB,54084,2013-12-24,57.960000,0.003289,0.003289
13407,30303M10,FB,54084,2013-12-26,57.730000,-0.003968,-0.003968
13407,30303M10,FB,54084,2013-12-27,55.440000,-0.039667,-0.039667
13407,30303M10,FB,54084,2013-12-30,53.710000,-0.031205,-0.031205
13407,30303M10,FB,54084,2013-12-31,54.649000,0.017483,0.017483
13407,30303M10,FB,54084,2014-01-02,54.710000,0.001116,0.001116
13407,30303M10,FB,54084,2014-01-03,54.557000,-0.002797,-0.002797
13407,30303M10,FB,54084,2014-01-06,57.200000,0.048445,0.048445
13407,30303M10,FB,54084,2014-01-07,57.920000,0.012587,0.012587
13407,30303M10,FB,54084,2014-01-08,58.230000,0.005352,0.005352
