date,open,high,low,close,volume_base,volume_usdt,trades,market_cap,cg_volume
2025-09-01,0.2,0.478,0.2,0.2335,3885050969.0,996450099.59235,1561709,6656403820.804826,2312997788.6743655
2025-09-02,0.2335,0.2602,0.2156,0.2271,2049194844.4,482030882.42442,626335,6656403820.804826,2312997788.6743655
2025-09-03,0.2271,0.2345,0.2093,0.2173,938469371.5,208440159.00652,401567,6242912321.346511,1532123186.0847077
2025-09-04,0.2172,0.2186,0.1611,0.1867,2578099926.3,472230816.39192,968037,5961500776.076422,746940613.8127089
2025-09-05,0.1866,0.1928,0.1736,0.1812,1197014524.6,220249910.66841,537355,5185086854.42622,1555936430.9035645
2025-09-06,0.1812,0.22,0.1802,0.2162,1340046809.7,268496326.28818,637443,4961992828.556703,757224509.2376711
2025-09-07,0.2162,0.2449,0.2146,0.2251,1429508177.6,328818585.03364,764073,5961347784.054906,892038520.4669205
2025-09-08,0.2252,0.2332,0.2016,0.2111,1358523933.1,288312225.9448,622583,6161900093.234597,1120514874.7199042
2025-09-09,0.2111,0.2235,0.1912,0.2006,846687631.1,175155440.02586,452832,5733253316.947378,921993572.2305344
2025-09-10,0.2006,0.2125,0.1952,0.2019,602526840.6,122732691.7392,350239,5478619063.8972,673403929.6302825
2025-09-11,0.2019,0.2058,0.1858,0.1999,551120436.3,109044911.4853,281854,5523804385.454971,484104607.4134202
2025-09-12,0.1998,0.2125,0.1939,0.2071,520689244.4,106210116.85911,242447,5453167571.879287,464756821.0766232
2025-09-13,0.2071,0.226,0.2021,0.2253,573313727.9,121915286.06867,273910,5682346710.078059,460247737.5016984
2025-09-14,0.2253,0.2408,0.2052,0.2104,1397789547.7,309123099.66564,677606,6091388564.32773,550887026.5879811
2025-09-15,0.2104,0.223,0.2038,0.2168,906614915.1,194660129.4221,433700,5703926096.2140665,1018931867.2824423
2025-09-16,0.2167,0.2259,0.2131,0.2241,564085863.2,124663429.44185,288409,5911360744.627681,728297826.7549767
2025-09-17,0.224,0.2249,0.2072,0.2205,461956069.2,100778732.58149,238886,6106923427.078088,428211548.21619904
2025-09-18,0.2204,0.2259,0.2177,0.2202,359800387.7,79675381.00203,157804,6027753407.20361,377133516.0077449
2025-09-19,0.2201,0.2378,0.2136,0.2233,941373197.8,212060086.69619,395930,5997123613.848526,291504645.9549624
2025-09-20,0.2233,0.2286,0.2176,0.2245,423969436.3,94180294.58573,168017,6080458168.61244,911285258.2298931
2025-09-21,0.2246,0.2565,0.2239,0.2436,1074191220.4,259246095.86371,530908,6122299412.095941,463632310.83167505
2025-09-22,0.2436,0.2453,0.2017,0.2122,1019148938.0,222519607.59569,474457,6627559225.680454,1404267289.9016225
2025-09-23,0.2121,0.2143,0.1926,0.1967,655730922.4,131817643.34447,340972,5802648057.086746,881372894.1114571
2025-09-24,0.1968,0.2059,0.191,0.1977,339807965.3,67908176.84846,267389,5377414296.905674,553059645.1626402
2025-09-25,0.1977,0.2046,0.1814,0.1923,681808877.5,133502949.69799,456761,5377157659.276734,383080187.4065377
2025-09-26,0.1924,0.2151,0.1897,0.2101,467410292.4,93873772.32827,325476,5161164793.364755,662226033.5536972
2025-09-27,0.2102,0.2117,0.2024,0.2065,208454278.5,43215000.76168,170745,5699344647.783653,473567918.7329688
2025-09-28,0.2066,0.2228,0.2032,0.2207,397740609.4,84718102.07612,264052,5631502794.038476,241329045.61739275
2025-09-29,0.2208,0.2209,0.2002,0.2013,490163259.7,101951001.60666,306099,6026782206.104346,451167132.65342206
2025-09-30,0.2013,0.2038,0.192,0.1962,408980734.6,80917188.13598,260507,5505287472.055175,471415698.0653528
2025-10-01,0.1961,0.2093,0.1941,0.2056,313986744.5,63156906.2047,190929,5331765365.506881,329551863.8309674
2025-10-02,0.2057,0.2098,0.2009,0.2082,254118638.8,52372217.86653,167860,5597956791.913685,297019735.34728694
2025-10-03,0.2083,0.2119,0.198,0.2013,383402114.8,78029070.01915,231974,5648848774.269871,272901326.60060036
2025-10-04,0.2012,0.2038,0.1967,0.2006,127125723.0,25512118.116,106164,5489235795.182896,440837788.2191874
2025-10-05,0.2006,0.2041,0.1966,0.1996,169673181.4,34113252.56484,101253,5485220202.050811,147960411.3739526
2025-10-06,0.1996,0.2019,0.1975,0.1992,163855014.0,32715687.02466,96909,5448793126.532446,176875706.44542843
2025-10-07,0.1992,0.2001,0.1803,0.1822,530389071.3,100535037.95815,232323,5445912128.063546,176050273.67555833
2025-10-08,0.1821,0.189,0.1723,0.186,406562311.6,73178137.38811,216760,4980086613.36141,396099459.4968073
2025-10-09,0.186,0.1868,0.1725,0.1793,247306803.9,44066267.2504,146329,5095703039.34225,351190861.47527844
2025-10-10,0.1794,0.1809,0.0715,0.1248,1386857008.1,199324900.73459,703239,4900250162.092805,222829159.03414655
2025-10-11,0.1247,0.137,0.1183,0.1225,672061859.5,86231069.02308,318827,3497123173.0497413,890086435.7092658
2025-10-12,0.1226,0.1501,0.1161,0.1411,679932263.8,87733739.7831,285047,3345550182.350697,404365553.75489956
2025-10-13,0.1411,0.1526,0.1362,0.1521,350151478.5,50377631.64789,193385,3839044757.0124826,431713822.34295064
2025-10-14,0.152,0.152,0.1338,0.1441,486794639.3,69558511.29982,243595,4143109690.0071926,316793087.82087266
2025-10-15,0.1442,0.1481,0.1359,0.1386,212530250.0,30103515.06945,143192,3938337395.9971595,349067158.9915917
2025-10-16,0.1385,0.1478,0.1321,0.1356,219926766.2,30811104.17095,177385,3775748164.937419,190002854.26425785
2025-10-17,0.1355,0.1371,0.1216,0.1297,240571268.4,30825048.87873,159340,3688036108.7164755,218281135.4502373
2025-10-18,0.1297,0.1328,0.1282,0.1305,71039670.5,9260631.38713,54679,3537875624.022503,202235479.09203893
2025-10-19,0.1305,0.1339,0.1273,0.1315,118355668.9,15549068.38302,72002,3556947275.1236267,85512030.77385108
2025-10-20,0.1314,0.1353,0.1285,0.1321,122192046.4,16166729.50955,87785,3580339956.0092697,110704832.17107211
2025-10-21,0.1321,0.136,0.1255,0.126,206427043.4,26958729.52134,155523,3596767829.648845,124055519.30783297
2025-10-22,0.126,0.1292,0.1187,0.1222,239825006.3,29794578.3164,146941,3439837176.4422436,166845095.78508425
2025-10-23,0.1223,0.1542,0.122,0.142,418755973.0,58100234.90102,298636,3338339259.145716,162878455.55544835
2025-10-24,0.1419,0.1448,0.1346,0.1361,238633373.9,33353508.61801,163999,3857773259.2777624,328178115.9532358
2025-10-25,0.1361,0.1417,0.1326,0.1378,155652110.7,21022279.56727,81056,3725325244.7416463,198740024.0439983
2025-10-26,0.1377,0.1507,0.1369,0.1505,244493110.3,35381059.79745,186651,3755188674.640916,121481991.0382504
2025-10-27,0.1505,0.1555,0.1423,0.1477,248197429.0,36894049.97989,176758,4072963360.299053,196235656.68632054
2025-10-28,0.1476,0.1501,0.1337,0.138,188445049.8,26898479.21662,157494,4031803913.134382,205481010.0642194
2025-10-29,0.138,0.1569,0.1377,0.145,433306135.2,64484706.21265,283695,3759651200.038725,158497211.55204505
2025-10-30,0.1449,0.1491,0.1326,0.137,310676396.4,43257273.40478,225269,3957236784.669333,284913490.36203855
2025-10-31,0.137,0.1405,0.1333,0.1373,154705544.0,21229786.61401,108241,3715225407.524811,211894929.82920972
2025-11-01,0.1372,0.142,0.1351,0.1387,104439756.1,14419189.52632,71253,3744385091.326559,131330668.88449822
2025-11-02,0.1388,0.1393,0.1308,0.135,109113700.1,14749009.57688,74373,3784866840.6300755,110480869.7313796
2025-11-03,0.1351,0.1354,0.108,0.1157,289572062.1,34981327.6746,178646,3685964440.1420774,105156176.98292273
2025-11-04,0.1157,0.1171,0.1056,0.1136,396056134.8,44038912.68864,271447,3138752194.5822735,211177238.38506046
2025-11-05,0.1135,0.1243,0.1067,0.1236,290178154.3,34192949.97692,206638,3098467336.848393,243918076.68486103
2025-11-06,0.1237,0.1239,0.1126,0.115,145120081.1,17090802.1509,109860,3369237969.4858017,185042730.37014693
2025-11-07,0.1149,0.128,0.1125,0.1253,214781894.1,25779598.84921,164102,3126598099.578183,104934415.23602548
2025-11-08,0.1253,0.1269,0.1209,0.1245,114064028.1,14141811.07298,78269,3413569523.893032,154553210.54692605
2025-11-09,0.1245,0.1278,0.1195,0.1265,112541116.2,13925269.57452,61147,3396298133.7222123,96411545.49333286
2025-11-10,0.1265,0.1736,0.1253,0.1543,1143092610.2,178057722.25609,759373,3444601391.219129,98940316.91038863
2025-11-11,0.1544,0.1598,0.1463,0.1502,293005124.6,44991913.56952,200992,4202620733.2154994,758283971.133283
2025-11-12,0.1502,0.1666,0.1398,0.1447,297786634.6,45471191.19816,212797,4110647849.7263346,258735925.3845883
2025-11-13,0.1447,0.1546,0.1401,0.145,201691943.3,29652961.27637,173751,3965661764.2901034,277537660.19626826
2025-11-14,0.1449,0.1544,0.1329,0.1428,256937340.3,36834374.29649,213842,3953644016.0072174,196833350.75587195
2025-11-15,0.1429,0.1504,0.137,0.1453,163940061.1,23648517.75292,122551,3886033819.736564,216095954.53461176
2025-11-16,0.1453,0.1502,0.1377,0.1411,210409561.2,30547499.29369,177557,3947416042.979783,146847462.18808728
2025-11-17,0.1412,0.1514,0.1318,0.1373,203747209.0,28787806.85691,181863,3881671347.0843697,181761436.18377036
2025-11-18,0.1373,0.146,0.1348,0.1406,187226272.9,26257036.13709,138231,3732454249.0794854,184163896.87995714
2025-11-19,0.1406,0.1443,0.1296,0.1383,123278121.2,16933689.93713,108280,3828647445.1824856,183074294.27113912
2025-11-20,0.1383,0.1436,0.1295,0.1315,122264451.7,16842575.81932,109685,3754809201.814672,132829870.00601839
2025-11-21,0.1315,0.1465,0.1127,0.1452,456846491.7,59846648.61618,308485,3591819721.213009,139996210.99620694
2025-11-22,0.1453,0.1595,0.1377,0.1525,357602988.7,52961933.40995,299639,3962793426.1192317,361396070.34483314
2025-11-23,0.1525,0.1536,0.1463,0.1527,139888070.6,20962815.04792,112222,4150848555.839402,329868751.4746566
2025-11-24,0.1527,0.1683,0.1443,0.154,357380373.4,55493216.55986,245006,4133243949.8028526,152178244.47678247
2025-11-25,0.1539,0.1663,0.1535,0.1648,256479662.8,40841302.2998,206629,4181904112.1802583,274123956.7978441
2025-11-26,0.1648,0.176,0.1566,0.1651,298756279.4,49403207.41587,213275,4515443836.925122,267804893.05448255
2025-11-27,0.1651,0.1673,0.1574,0.1635,113364684.7,18383291.02965,98762,4505135156.986262,294125036.12420714
2025-11-28,0.1635,0.1672,0.1582,0.16,117482671.7,19010539.5946,91170,4457761231.576486,156588892.02517125
2025-11-29,0.16,0.1613,0.1579,0.1602,46602370.7,7445590.72516,41523,4363920625.267425,147342102.60820097
2025-11-30,0.1603,0.1626,0.1555,0.1593,78732725.8,12549260.61248,48695,4365638908.862194,88805898.27512811
2025-12-01,0.1594,0.1598,0.1423,0.1535,347752071.0,52746152.01011,216437,4341967626.4064245,106973277.62685233
2025-12-02,0.1535,0.1638,0.1503,0.1606,131488949.0,20803154.9106,101177,4180342599.806338,372390829.53621304
2025-12-03,0.1605,0.1648,0.1565,0.1608,89540820.6,14376138.57476,85708,4358887127.381625,162883615.77287114
2025-12-04,0.1608,0.1627,0.1509,0.1533,69970484.9,10977582.53575,62897,4386001335.108177,130570530.50415877
2025-12-05,0.1533,0.1555,0.1483,0.1509,57067354.6,8684989.7124,60901,4179180293.7417808,103712861.921706
2025-12-06,0.151,0.1522,0.148,0.1511,25783720.5,3865776.04872,26199,4121424598.8251257,97156107.65034886
2025-12-07,0.151,0.1526,0.1432,0.1484,44929758.6,6658279.96544,48158,4114753250.9660726,71844694.9959375
2025-12-08,0.1484,0.1568,0.1476,0.1508,61851805.2,9390678.46393,60434,4030560402.018389,92446607.66333245
2025-12-09,0.1508,0.1588,0.1479,0.1516,67802647.7,10388798.7253,75707,4098265615.2847958,109157681.46405123
2025-12-10,0.1515,0.1573,0.1505,0.1531,95397379.2,14640945.90793,84566,4134354488.0319715,101904543.43799296
2025-12-11,0.1531,0.1539,0.1436,0.1469,60369764.0,8918197.66569,60917,4179597536.224325,130101811.1849498
2025-12-12,0.1468,0.1471,0.1406,0.1431,35625041.9,5142671.6037,47530,4006143373.264413,119283532.56447005
2025-12-13,0.1432,0.1456,0.1423,0.1444,24640490.1,3540452.71804,24301,3898254678.5575957,97217952.70876397
2025-12-14,0.1443,0.1448,0.1353,0.1363,57470904.0,8008262.28009,53532,3932069721.9818497,77121355.06118202
2025-12-15,0.1364,0.1407,0.1299,0.1338,52156409.4,7073622.39962,65078,3722812498.1897283,93079880.89746563
2025-12-16,0.1338,0.1363,0.1308,0.1352,34941462.2,4666256.54766,38373,3648798547.530028,97675309.87635027
2025-12-17,0.1352,0.1388,0.1278,0.1294,51444667.7,6860160.24491,62098,3673172710.695616,79218090.80742994
2025-12-18,0.1293,0.1331,0.1215,0.1259,86187822.1,10988015.89031,72357,3520375793.451726,95474536.91753949
2025-12-19,0.126,0.1362,0.124,0.1352,98651440.5,12921026.22899,101666,3428484775.684486,118116035.3801784
2025-12-20,0.1352,0.1357,0.1337,0.1343,20675062.1,2782272.81958,17871,3685864459.915364,131001389.39556457
2025-12-21,0.1343,0.1351,0.1313,0.1344,28498258.7,3798357.55065,29266,3660280892.0045824,57921340.62502263
2025-12-22,0.1345,0.1371,0.1325,0.1346,40463535.1,5461076.37388,40906,3660503810.9136906,54353404.32365911
2025-12-23,0.1347,0.1368,0.1295,0.1317,33264389.8,4414192.05976,36477,3659019400.4887967,63962819.11933943
2025-12-24,0.1317,0.1335,0.13,0.1326,27975383.6,3680724.20498,29732,3586650073.1669283,54324845.1337013
2025-12-25,0.1327,0.1407,0.1325,0.1373,50843683.4,6945886.56053,49947,3612079215.1917443,48571245.66527488
2025-12-26,0.1373,0.1466,0.137,0.1464,87766882.3,12468918.10909,101219,3737724131.8507304,71466877.92642534
2025-12-27,0.1464,0.1476,0.1408,0.1448,44287666.2,6345356.74848,49571,3972841095.1607146,98919152.33455639
2025-12-28,0.1447,0.1463,0.1428,0.1446,27229640.4,3927510.01163,32920,3940896980.142123,69421932.32578361
2025-12-29,0.1447,0.1513,0.1411,0.1421,55437729.5,8077123.6192,62427,3936048896.69104,57393738.69449382
2025-12-30,0.142,0.1446,0.1406,0.1442,25569268.7,3650361.46247,32246,3862574440.9044,77811894.88257058
2025-12-31,0.1442,0.1465,0.141,0.1435,30009087.6,4320189.66667,36451,3920517942.582083,56304675.859031744
2026-01-01,0.1435,0.1473,0.1435,0.1467,28377939.8,4133756.38189,27621,3901800179.4737725,56955275.227806985
2026-01-02,0.1468,0.1549,0.1465,0.1546,58470975.8,8864455.54146,65353,4000598837.8489404,54055156.548390746
2026-01-03,0.1547,0.182,0.15,0.1727,287438380.8,48585287.38411,285943,4209204091.678915,88949033.40217367
2026-01-04,0.1726,0.182,0.168,0.1709,184094782.6,32056431.41896,252915,4694700193.392119,322014786.5887018
2026-01-05,0.1708,0.1758,0.17,0.1736,80125139.1,13863122.79578,110971,4640791815.335735,214185185.16567022
2026-01-06,0.1737,0.1788,0.1682,0.1752,79295186.5,13794035.09714,88784,4729242470.129527,119438480.79602665
2026-01-07,0.1753,0.1765,0.1651,0.1686,80452672.9,13710870.30489,108409,4753169628.956706,113816072.17858191
2026-01-08,0.1687,0.1885,0.1665,0.1714,224883422.3,39794621.79584,271962,4583283105.192058,118690827.5981509
2026-01-09,0.1714,0.1738,0.1622,0.1675,111123822.8,18763445.00456,146728,4683064277.556749,252770272.820876
2026-01-10,0.1675,0.1695,0.166,0.1669,36273884.7,6084287.93133,50093,4572609177.332929,134391061.46699327
2026-01-11,0.1669,0.1705,0.164,0.1662,41373809.6,6960850.93485,49599,4546989105.374394,61876706.31811877
2026-01-12,0.1663,0.1713,0.1617,0.1696,75357794.6,12576941.27326,116432,4518563524.819551,63099537.89111876
2026-01-13,0.1696,0.1816,0.1674,0.1801,80074298.1,14149883.11544,139408,4613122183.816061,116961457.91337715
2026-01-14,0.1801,0.1907,0.1746,0.1751,119622159.9,21830951.1497,180882,4914420741.854958,122739221.77373584
2026-01-15,0.1751,0.1761,0.1662,0.1687,66574183.2,11362861.71731,126535,4777591907.969401,167804865.5410485
2026-01-16,0.1687,0.1708,0.1644,0.169,38481201.5,6446330.61516,58008,4592158731.405903,102023799.74821936
2026-01-17,0.169,0.1732,0.1673,0.1688,28079034.3,4767655.75639,43667,4609074851.973005,62158548.53274415
2026-01-18,0.1688,0.1728,0.1656,0.1658,50437378.3,8592629.81696,71244,4597900706.418445,52102378.609549284
2026-01-19,0.1657,0.1679,0.1509,0.1655,72161175.8,11670200.7493,120986,4542322618.271669,71003794.39660056
2026-01-20,0.1655,0.1705,0.1577,0.1606,193979680.4,31803959.43976,309215,4508604949.886939,109505602.6975839
2026-01-21,0.1606,0.1729,0.1604,0.1688,108874295.8,18355319.71227,163241,4373288304.794724,195783342.8505627
2026-01-22,0.1689,0.1774,0.1683,0.1696,62808644.2,10828204.6395,80629,4597446336.425198,140913765.09195065
2026-01-23,0.1696,0.1768,0.1668,0.1722,52385539.6,8976772.92685,61026,4629932120.232433,90250410.33541618
2026-01-24,0.1722,0.1809,0.1719,0.1785,57971180.9,10300620.38273,74997,4684788118.963489,75504485.87173903
2026-01-25,0.1786,0.1799,0.1607,0.1662,72985815.3,12409665.33427,91917,4859811782.648991,74420098.98208795
2026-01-26,0.1661,0.1754,0.1521,0.1596,293232476.4,47817529.05719,265560,4510297520.094438,95455549.32660064
2026-01-27,0.1595,0.1674,0.1556,0.1657,79800663.6,12733666.69637,84549,4351452821.156789,233014130.24254188
2026-01-28,0.1657,0.1693,0.1614,0.1644,65556581.7,10808424.16487,75828,4517123510.743336,99950511.82815303
2026-01-29,0.1645,0.1654,0.1527,0.1576,93961198.7,14906800.42479,112281,4472523174.419616,89751346.5845504
2026-01-30,0.1576,0.1581,0.1468,0.154,104228835.2,15877981.23609,149182,4282420733.703057,133164673.84758115
2026-01-31,0.1539,0.1548,0.122,0.1327,204137392.0,28185391.95106,249501,4188344204.8145285,126535070.72958398
2026-02-01,0.1328,0.1368,0.1173,0.1298,362208913.4,45622094.03731,376953,3609949591.8180337,185012261.98984176
2026-02-02,0.1299,0.1357,0.123,0.1306,324871149.8,41830077.36702,337537,3546779543.646761,267295730.2592958
2026-02-03,0.1306,0.1424,0.1253,0.1352,132868733.9,17533137.81526,180177,3558005529.2072034,226156098.3555801
2026-02-04,0.1352,0.1374,0.1294,0.1334,81649913.1,10887436.40109,117820,3675457956.447402,135544287.00388542
2026-02-05,0.1335,0.1341,0.1109,0.1111,216733878.6,26155236.40111,262990,3632559600.679295,98262738.52415186
2026-02-06,0.1112,0.1193,0.0961,0.1077,642683948.5,68949117.42097,514063,3069077152.921417,198002298.56241938
2026-02-07,0.1077,0.1087,0.0994,0.1018,204083739.8,20972568.52819,170409,2924176195.0853605,381397734.35085076
2026-02-08,0.1018,0.1093,0.0975,0.1048,211079391.7,21788731.29894,131530,2772089811.1762967,163542904.61994687
2026-02-09,0.1048,0.1149,0.1018,0.1093,240552562.4,26270176.66339,164524,2866129842.0609655,157025722.95761988
2026-02-10,0.1092,0.1133,0.1054,0.1071,115887318.8,12525386.55584,72816,2978559080.326431,190335339.66305164
2026-02-11,0.1071,0.1091,0.0986,0.1025,192410177.4,19587360.32175,95145,2919238292.7767076,88760543.01537399
2026-02-12,0.1024,0.1103,0.102,0.1065,108532929.0,11569054.20277,81804,2790912527.0261884,123108001.80475305
2026-02-13,0.1066,0.1075,0.0996,0.1043,264268787.6,27215113.23289,129892,2912813186.9706345,86079224.96112095
2026-02-14,0.1043,0.1113,0.1025,0.1075,168720798.5,17861543.52001,80086,2834489873.975477,140609851.87882003
2026-02-15,0.1075,0.1095,0.0993,0.1014,236910168.3,24682846.93462,107673,2914801935.3164163,107445284.00328207
2026-02-16,0.1013,0.1041,0.0981,0.1006,150518441.5,15220365.69866,68073,2752177785.0533414,144973279.72137743
2026-02-17,0.1007,0.1086,0.099,0.1082,232883976.4,23893329.1001,89871,2745061191.9670577,92941199.0213239
2026-02-18,0.1083,0.1294,0.106,0.1168,738275438.8,88779615.27967,381931,2934489501.2569017,145896890.9723739
2026-02-19,0.1169,0.1222,0.116,0.1161,169726543.0,19974422.0789,92495,3159449383.3658204,454678667.2528853
2026-02-20,0.1161,0.122,0.1127,0.1211,213741881.7,24866650.86375,111814,3163823920.9973125,132619318.3827391
2026-02-21,0.1211,0.1274,0.1184,0.1205,352541539.1,43125862.58151,202587,3291339471.413935,147433809.5597364
2026-02-22,0.1205,0.1215,0.1108,0.1146,405343678.9,47327038.72483,246082,3282223489.9957056,224173396.73951045
2026-02-23,0.1147,0.1178,0.1072,0.1098,359660367.5,40551292.36355,160680,3118533996.5163,248474565.26069775
2026-02-24,0.1099,0.1122,0.1052,0.1114,103288146.5,11231226.72764,58366,3027327051.6371837,213257822.03109303
2026-02-25,0.1114,0.1225,0.111,0.1162,119341130.3,13865701.58841,69150,3091131219.841381,86651331.57892369
2026-02-26,0.1162,0.1187,0.1134,0.1156,101008237.1,11712745.68542,54525,3195440365.5267444,113902244.44584954
2026-02-27,0.1157,0.1167,0.1096,0.1109,61875235.2,7030065.78009,41265,3197443940.121587,91076923.52528232
2026-02-28,0.1109,0.1138,0.1054,0.1127,86033684.4,9385003.77852,60711,3069810990.216804,65015155.720899865
2026-03-01,0.1127,0.1164,0.106,0.108,105541490.8,11657474.14898,64400,3113603146.3546014,81514455.00086573
2026-03-02,0.1081,0.111,0.1043,0.107,100064738.9,10768111.45814,73618,3000545838.4952574,83499036.47129011
2026-03-03,0.1071,0.1077,0.1033,0.1045,63515798.6,6675388.59208,51870,2953030345.113457,87100931.45969565
2026-03-04,0.1044,0.1101,0.1034,0.1068,195383389.1,20840566.48001,106327,2901194856.0135846,64334413.05676925
2026-03-05,0.1067,0.1076,0.0998,0.1028,198301414.1,20523163.68782,88336,2958947367.7680297,127343112.84191711
2026-03-06,0.1027,0.1042,0.0984,0.0999,113142505.9,11429677.44164,61250,2844056144.5870895,120135319.30529213
2026-03-07,0.0999,0.1006,0.0948,0.0961,119924701.0,11622807.91189,56388,2764347031.698874,76556214.829615
2026-03-08,0.0962,0.1016,0.0938,0.0974,118661553.4,11567976.82363,58594,2656797580.096973,73677178.00999235
2026-03-09,0.0974,0.1018,0.0966,0.1003,78205653.6,7793228.82148,43411,2700681911.9196324,83935112.86537516
2026-03-10,0.1003,0.104,0.0999,0.1022,87498194.2,8923375.0166,40536,2772523808.9356065,61856800.94330821
2026-03-11,0.1023,0.1031,0.1002,0.1011,70057817.1,7109978.09454,44867,2834947425.8922954,64588410.15129784
2026-03-12,0.1012,0.1028,0.0994,0.1009,66115334.8,6674883.23429,31282,2797844272.247386,52831535.55381222
2026-03-13,0.1009,0.1114,0.1006,0.104,240074084.3,25398795.90052,92300,2792623232.8180428,51607270.876604386
2026-03-14,0.104,0.1068,0.1028,0.1044,76231067.0,7977141.62782,37105,2882897904.098844,144756969.8811535
2026-03-15,0.1044,0.1052,0.103,0.1043,58705375.5,6103905.73089,24501,2885129428.5516124,60969058.32046619
2026-03-16,0.1043,0.1081,0.1038,0.107,88216670.5,9319183.80844,36577,2876599868.141054,51435529.42332845
2026-03-17,0.107,0.1076,0.1016,0.1022,80360797.1,8332061.18267,40217,2965639241.97836,74796921.194972
2026-03-18,0.1022,0.1033,0.0969,0.0976,81990396.3,8158744.416,46840,2832154957.698364,66967261.27446699
2026-03-19,0.0976,0.0978,0.0915,0.0925,78613037.0,7438355.89799,33353,2703497721.174251,65281881.800811835
2026-03-20,0.0926,0.0955,0.0885,0.0932,177314003.2,16280803.55498,63181,2556174635.725414,66839908.200736724
2026-03-21,0.0933,0.0992,0.0925,0.0958,97166764.2,9319846.86965,46027,2583892317.949113,102278357.92664583
2026-03-22,0.0957,0.1002,0.0942,0.0972,118686611.4,11530370.10924,95827,2692184129.5873456,65452266.97277094
2026-03-23,0.0972,0.1048,0.0953,0.104,136979460.5,13682485.73608,88517,2689074314.948483,98006762.28050824
2026-03-24,0.104,0.1064,0.0999,0.1037,123206666.1,12803385.07625,71886,2877599831.7489824,121705810.51334023
2026-03-25,0.1036,0.105,0.1001,0.1021,66418335.9,6776354.9422,29067,2979835992.911798,104116512.90585078
2026-03-26,0.1021,0.1028,0.0966,0.0985,52793510.7,5222222.61013,22948,2932652118.776672,69905293.52356827
2026-03-27,0.0985,0.0998,0.096,0.097,130012842.9,12710521.76884,46528,2826705009.334822,62035885.985385776
2026-03-28,0.097,0.1006,0.096,0.0976,66176000.3,6500868.31439,26308,2791975422.06196,84583864.33684297
2026-03-29,0.0976,0.0995,0.0968,0.0978,41023559.7,4013715.04732,22620,2798494667.5817647,49219673.47662546
2026-03-30,0.0979,0.1007,0.0975,0.0985,39154048.2,3885668.0976,25910,2806018593.444537,39791331.39191578
2026-03-31,0.0985,0.1,0.0971,0.099,32777340.7,3228893.43511,22240,2836205758.931727,44187905.94680692
2026-04-01,0.0989,0.1023,0.098,0.0998,33446664.7,3353407.36467,21698,2839611352.862605,41517682.33465018
2026-04-02,0.0997,0.1009,0.097,0.0999,35871325.3,3538979.40985,23583,2866433950.9904137,42924946.70786933
2026-04-03,0.1,0.1013,0.0971,0.0987,56705795.8,5607431.53632,30714,3074111637.641659,46065965.17334176
2026-04-04,0.0987,0.1002,0.0975,0.0984,22979035.4,2271050.65245,11992,3033199332.6373873,46707776.921111204
2026-04-05,0.0985,0.0989,0.0966,0.0985,19916218.2,1948893.69159,11490,3027828094.573456,32676058.422924154
2026-04-06,0.0985,0.1014,0.0977,0.0981,40668090.4,4048048.14992,18767,3031779400.6385984,33084983.979097225
2026-04-07,0.0982,0.1012,0.0938,0.1005,55860390.7,5415241.92331,30633,3020224177.7866445,46255444.61123035
2026-04-08,0.1005,0.1007,0.0897,0.0903,115530253.5,10967406.22622,42583,3196816386.3759723,57593438.79739182
2026-04-09,0.0902,0.0952,0.0858,0.0886,230932583.4,21000850.35367,101201,2867280511.034084,74913740.88714245
2026-04-10,0.0886,0.0887,0.0792,0.0807,529000700.5,43741216.17482,170233,2835430120.765404,136380496.02368987
2026-04-11,0.0807,0.0813,0.0767,0.0798,199632560.3,15853647.43052,64326,2570013350.6637526,253109454.026175
2026-04-12,0.0798,0.0811,0.077,0.0784,118959530.4,9419678.04082,46919,2539239141.4339194,128508523.39841975
2026-04-13,0.0785,0.0825,0.0782,0.0815,97640405.4,7801800.52234,33389,2488444428.926254,92629809.40396345
2026-04-14,0.0816,0.0839,0.08,0.0806,82678222.0,6729510.56921,37368,2596383932.5414634,72979492.72700712
2026-04-15,0.0806,0.085,0.0782,0.081,248184607.2,20129707.19988,73081,2564552644.3515277,65557688.972226396
2026-04-16,0.0809,0.0831,0.0797,0.0822,103855721.8,8424038.99237,33217,2562283891.4329524,116838413.37492055
2026-04-17,0.0822,0.0841,0.0798,0.0809,189309248.3,15535948.17551,52974,2616960941.1537557,68634106.02073278
2026-04-18,0.0809,0.0814,0.0784,0.079,87544720.2,6993758.82671,25718,2575341071.828651,87135443.64235649
2026-04-19,0.079,0.0795,0.0767,0.0773,73990518.2,5794311.69999,24895,2512998303.483084,50181303.247854166
2026-04-20,0.0774,0.0793,0.077,0.0783,49349621.0,3845150.34836,14125,2456481951.1782904,46287672.11651862
2026-04-21,0.0784,0.0799,0.0778,0.079,58790661.9,4641505.95093,16620,2488012612.146309,44654002.45239623
2026-04-22,0.079,0.0804,0.0777,0.078,54189911.8,4302348.97112,15534,2509186666.0851917,46048081.86691669
2026-04-23,0.078,0.0783,0.0763,0.0777,56397400.7,4354065.37748,16941,2486101763.9523635,48536802.620156355
2026-04-24,0.0778,0.078,0.0743,0.0752,145729044.1,11046690.29737,45707,2467938149.142139,44518489.50850638
2026-04-25,0.0752,0.0765,0.0746,0.075,56671526.9,4279296.74425,15650,2393256322.193556,68469248.50095916
2026-04-26,0.075,0.0757,0.0744,0.075,39994924.4,3000547.51401,14791,2382542022.8386307,38417464.023112245
2026-04-27,0.075,0.0754,0.0717,0.0728,109040961.6,7993172.43914,33043,2387318118.995375,34797432.95333371
2026-04-28,0.0728,0.0745,0.0726,0.0737,53217994.9,3905342.05883,17265,2306693268.6171837,61828230.31815508
2026-04-29,0.0738,0.0742,0.0615,0.0631,229524178.1,15309124.6097,54999,2341865448.6778526,37396557.43689894
2026-04-30,0.0632,0.0644,0.0589,0.0608,226290477.9,13821124.62757,50511,2010602832.029793,98053631.66789317
2026-05-01,0.0608,0.0619,0.0542,0.0545,279044182.8,15968897.07046,74326,1938220810.9759762,87463272.78190462
2026-05-02,0.0546,0.0571,0.0512,0.0556,321653492.4,17485238.06447,75527,1736818923.6726885,110075610.65546647
2026-05-03,0.0555,0.0604,0.0547,0.0584,225771229.2,12981896.14676,62888,1764824709.2412148,118933320.25519644
2026-05-04,0.0583,0.0673,0.0575,0.0636,363361607.2,22475120.16198,108837,1860461778.0142968,99083277.38999829
2026-05-05,0.0636,0.0668,0.0624,0.0651,160974336.1,10389226.55715,55330,2036114123.7844942,154644754.09632516
2026-05-06,0.0651,0.0685,0.0647,0.0671,139916334.9,9342116.15205,51970,2080676849.27284,81583549.2394117
2026-05-07,0.0671,0.0763,0.0663,0.074,322137739.8,23088384.11321,116942,2127579183.2865677,66706861.632686704
2026-05-08,0.074,0.0758,0.0721,0.0753,202789599.7,15062150.89138,69109,2354166995.9049244,123445225.10930775
2026-05-09,0.0753,0.0759,0.0686,0.0701,219168448.7,15928199.58481,71246,2389149580.797325,85420664.34721652
2026-05-10,0.0701,0.0709,0.0669,0.0689,232204638.5,15941835.02408,60687,2222066436.453866,85105178.0317622
2026-05-11,0.0689,0.0691,0.0649,0.0669,135298573.6,9007865.36278,43488,2192481111.3294406,86708455.90170154
2026-05-12,0.0669,0.0683,0.0652,0.0673,107390598.7,7203704.79802,35729,2127918359.6933794,61402249.37223106
2026-05-13,0.0672,0.0698,0.0655,0.0675,101758726.6,6873600.44062,33426,2136256787.3610451,56509316.21778591
2026-05-14,0.0674,0.0712,0.067,0.0691,123538427.8,8519757.57858,35393,2146283445.039356,58153389.96486729
2026-05-15,0.069,0.0716,0.0649,0.0659,140572428.4,9453926.85449,39210,2188579432.288341,59609982.174177885
2026-05-16,0.0659,0.066,0.0601,0.0612,128598239.9,8044642.96692,31235,2092772206.2166321,59933719.89199011
2026-05-17,0.0611,0.0617,0.0582,0.0601,90003380.0,5431206.20204,20114,1945625737.4772017,52512800.43426843
2026-05-18,0.0601,0.0623,0.0592,0.0619,133906949.0,8078851.82905,40509,1895232653.3692124,39449394.99356714
2026-05-19,0.0619,0.0631,0.0595,0.06,55700686.9,3410884.3903,17413,1960850451.6573408,53841732.779279225
2026-05-20,0.0601,0.0651,0.0598,0.0627,49139450.8,3075858.40999,15584,1903199849.0622354,31744655.667142678
2026-05-21,0.0627,0.0639,0.0609,0.0624,66282911.7,4155040.64155,17455,1990567524.31375,33593126.568337195
2026-05-22,0.0624,0.0624,0.0588,0.0602,115238879.2,6968635.54439,27465,1987151268.0844383,34367463.677084506
2026-05-23,0.0602,0.0625,0.059,0.0608,60230917.6,3657654.97528,16670,1932791517.6657758,51162097.71963669
